{
  "scoring": "average_precision",
  "cv": 5,
  "fold_scores": {
    "logistic_regression": [
      0.17268373742119666,
      0.16191805841261692,
      0.17096486913424103,
      0.16851463559087704,
      0.16887281062155365
    ],
    "random_forest": [
      0.18355833021925205,
      0.17677607904194018,
      0.175393858760223,
      0.18855861330145707,
      0.17427362626083967
    ],
    "xgboost": [
      0.1902126471211231,
      0.1833717830106589,
      0.1785623558714976,
      0.18571920191402996,
      0.18041312438521429
    ],
    "lightgbm": [
      0.18911070415123382,
      0.18673608579359496,
      0.17562587616359654,
      0.18947775984221854,
      0.1733890151926939
    ]
  }
}