{
  "best": "xgboost",
  "selection_metric": "val_roc_auc",
  "results": {
    "logistic_regression": {
      "val_roc_auc": 0.6420226310402894,
      "val_pr_auc": 0.16387408458496378
    },
    "random_forest": {
      "val_roc_auc": 0.6502547510879659,
      "val_pr_auc": 0.17596410033263932
    },
    "xgboost": {
      "val_roc_auc": 0.6575238627581627,
      "val_pr_auc": 0.1811011704084713
    },
    "lightgbm": {
      "val_roc_auc": 0.6463879817953141,
      "val_pr_auc": 0.17342449781256963
    }
  }
}